{
    "with": {
        "acc": 0.7129516598966419,
        "MF1": 0.23267553078484246,
        "wF1": 0.6706987138090379,
        "acc@5": 0.8939984262350864,
        "acc@10": 0.9351055911188618
    },
    "wo": {
        "acc": 0.6464388252057591,
        "MF1": 0.130552361718579,
        "wF1": 0.6090325499479269,
        "acc@5": 0.85976903936539,
        "acc@10": 0.910312413602433
    },
    "all": {
        "acc": 0.6796952425512005,
        "MF1": 0.19076451703602867,
        "wF1": 0.6407227271419246,
        "acc@5": 0.8768837328002381,
        "acc@10": 0.9227090023606475
    }
}