{
    "with": {
        "acc": 0.7367963250462559,
        "MF1": 0.3086083004377916,
        "wF1": 0.7014642148207035,
        "acc@5": 0.908166563875715,
        "acc@10": 0.9445864613683248
    },
    "wo": {
        "acc": 0.6635439484485656,
        "MF1": 0.16330063845882217,
        "wF1": 0.631562351461259,
        "acc@5": 0.8724952680717126,
        "acc@10": 0.9189149528933881
    },
    "all": {
        "acc": 0.7001701367474107,
        "MF1": 0.24806175635268568,
        "wF1": 0.6675905911288716,
        "acc@5": 0.8903309159737138,
        "acc@10": 0.9317507071308564
    }
}